"mean","sd","ntree"
0.01,0.0161015297179883,500
0.00333333333333333,0.0105409255338946,1000
0,0,1500
0.00333333333333333,0.0105409255338946,2000
0,0,2500
0.00333333333333333,0.0105409255338946,3000
0,0,3500
0,0,4000
0,0,4500
0,0,5000
0,0,5500
0,0,6000
0,0,6500
0,0,7000
0,0,7500
0,0,8000
0,0,8500
0,0,9000
0,0,9500
0,0,10000
0,0,10500
0,0,11000
0,0,11500
0,0,12000
0,0,12500
0,0,13000
0,0,13500
0,0,14000
0,0,14500
0,0,15000
